{
  "0": {
    "id": "rbxassetid://3255156028",
    "y": 0.0000457763671875,
    "size": {
      "y": 1.9999991655349732,
      "x": 2.0000009536743166,
      "z": 9.999996185302735
    }
  },
  "1": {
    "id": "rbxassetid://3255155952",
    "y": 0.0184783935546875,
    "size": {
      "y": 1.9999979734420777,
      "x": 1.9999996423721314,
      "z": 9.999996185302735
    }
  },
  "2": {
    "id": "rbxassetid://3255155887",
    "y": 0.017925262451171876,
    "size": {
      "y": 2.0000016689300539,
      "x": 2.0000009536743166,
      "z": 9.999996185302735
    }
  },
  "3": {
    "id": "rbxassetid://3255155826",
    "y": 0.001705169677734375,
    "size": {
      "y": 1.9999984502792359,
      "x": 1.9999973773956299,
      "z": 9.999996185302735
    }
  },
  "4": {
    "id": "rbxassetid://3255155743",
    "y": 0.01000213623046875,
    "size": {
      "y": 1.9999983310699463,
      "x": 2.000002384185791,
      "z": 9.999996185302735
    }
  },
  "5": {
    "id": "rbxassetid://3255155673",
    "y": -0.007511138916015625,
    "size": {
      "y": 1.9999992847442628,
      "x": 2.0000016689300539,
      "z": 9.999996185302735
    }
  },
  "6": {
    "id": "rbxassetid://3255155582",
    "y": 0.0037078857421875,
    "size": {
      "y": 1.9999984502792359,
      "x": 1.9999977350234986,
      "z": 9.999996185302735
    }
  },
  "7": {
    "id": "rbxassetid://3255155509",
    "y": -0.007427215576171875,
    "size": {
      "y": 2.0000016689300539,
      "x": 1.9999971389770508,
      "z": 9.999996185302735
    }
  },
  "8": {
    "id": "rbxassetid://3255155414",
    "y": 0.000030517578125,
    "size": {
      "y": 2.000000476837158,
      "x": 1.9999973773956299,
      "z": 9.999996185302735
    }
  },
  "9": {
    "id": "rbxassetid://3255155343",
    "y": -0.00328826904296875,
    "size": {
      "y": 1.999999761581421,
      "x": 1.9999979734420777,
      "z": 9.999996185302735
    }
  },
  "a": {
    "id": "rbxassetid://3255152212",
    "y": -0.0491485595703125,
    "size": {
      "y": 2.000000238418579,
      "x": 1.999998927116394,
      "z": 9.999996185302735
    }
  },
  "`": {
    "id": "rbxassetid://3255152302",
    "y": 0.5869827270507813,
    "size": {
      "y": 1.9999958276748658,
      "x": 1.9999959468841553,
      "z": 9.999998092651368
    }
  },
  "c": {
    "id": "rbxassetid://3255152043",
    "y": -0.04712677001953125,
    "size": {
      "y": 2.000000238418579,
      "x": 2.000000238418579,
      "z": 9.999996185302735
    }
  },
  "b": {
    "id": "rbxassetid://3255152130",
    "y": 0.17237091064453126,
    "size": {
      "y": 1.9999990463256837,
      "x": 2.0000014305114748,
      "z": 9.999994277954102
    }
  },
  "e": {
    "id": "rbxassetid://3255151883",
    "y": -0.04909515380859375,
    "size": {
      "y": 2.0000014305114748,
      "x": 1.9999992847442628,
      "z": 9.999996185302735
    }
  },
  "d": {
    "id": "rbxassetid://3255151959",
    "y": 0.17424774169921876,
    "size": {
      "y": 2,
      "x": 2.0000007152557375,
      "z": 9.999994277954102
    }
  },
  "g": {
    "id": "rbxassetid://3255151708",
    "y": -0.21419525146484376,
    "size": {
      "y": 1.9999996423721314,
      "x": 2.0000014305114748,
      "z": 9.999994277954102
    }
  },
  "f": {
    "id": "rbxassetid://3255151796",
    "y": 0.18188858032226563,
    "size": {
      "y": 1.9999994039535523,
      "x": 2.000002861022949,
      "z": 9.999994277954102
    }
  },
  "i": {
    "id": "rbxassetid://3255151552",
    "y": 0.1578369140625,
    "size": {
      "y": 1.9999988079071046,
      "x": 2.0000030994415285,
      "z": 9.999994277954102
    }
  },
  "h": {
    "id": "rbxassetid://3255151629",
    "y": 0.18129730224609376,
    "size": {
      "y": 1.9999996423721314,
      "x": 1.9999984502792359,
      "z": 9.999994277954102
    }
  },
  "k": {
    "id": "rbxassetid://3255151413",
    "y": 0.18096160888671876,
    "size": {
      "y": 1.9999994039535523,
      "x": 2.0000009536743166,
      "z": 9.999994277954102
    }
  },
  "j": {
    "id": "rbxassetid://3255151481",
    "y": -0.01261138916015625,
    "size": {
      "y": 1.9999994039535523,
      "x": 2.000004291534424,
      "z": 9.999993324279786
    }
  },
  "m": {
    "id": "rbxassetid://3255151234",
    "y": -0.03606414794921875,
    "size": {
      "y": 2.000000238418579,
      "x": 2.0000011920928957,
      "z": 9.999996185302735
    }
  },
  "l": {
    "id": "rbxassetid://3255151326",
    "y": 0.18227767944335938,
    "size": {
      "y": 1.999999761581421,
      "x": 2.0000016689300539,
      "z": 9.999994277954102
    }
  },
  "o": {
    "id": "rbxassetid://3255151094",
    "y": -0.047943115234375,
    "size": {
      "y": 2.0000014305114748,
      "x": 1.9999992847442628,
      "z": 9.999996185302735
    }
  },
  "n": {
    "id": "rbxassetid://3255151161",
    "y": -0.03586578369140625,
    "size": {
      "y": 2.0000009536743166,
      "x": 1.9999995231628419,
      "z": 9.999996185302735
    }
  },
  "q": {
    "id": "rbxassetid://3255150936",
    "y": -0.20398330688476563,
    "size": {
      "y": 2.0000009536743166,
      "x": 1.9999982118606568,
      "z": 9.999994277954102
    }
  },
  "p": {
    "id": "rbxassetid://3255151019",
    "y": -0.20827484130859376,
    "size": {
      "y": 2.0000014305114748,
      "x": 1.999997854232788,
      "z": 9.999994277954102
    }
  },
  "s": {
    "id": "rbxassetid://3255150784",
    "y": -0.0465240478515625,
    "size": {
      "y": 1.9999982118606568,
      "x": 1.999999761581421,
      "z": 9.999996185302735
    }
  },
  "r": {
    "id": "rbxassetid://3255150867",
    "y": -0.0357208251953125,
    "size": {
      "y": 2.0000009536743166,
      "x": 1.9999990463256837,
      "z": 9.999996185302735
    }
  },
  "u": {
    "id": "rbxassetid://3255150614",
    "y": -0.051998138427734378,
    "size": {
      "y": 1.999997854232788,
      "x": 1.9999992847442628,
      "z": 9.999996185302735
    }
  },
  "t": {
    "id": "rbxassetid://3255150694",
    "y": 0.0449676513671875,
    "size": {
      "y": 2.000000476837158,
      "x": 2.000002384185791,
      "z": 9.999995231628418
    }
  },
  "w": {
    "id": "rbxassetid://3255150448",
    "y": -0.05263519287109375,
    "size": {
      "y": 1.9999988079071046,
      "x": 1.9999990463256837,
      "z": 9.999996185302735
    }
  },
  "v": {
    "id": "rbxassetid://3255150501",
    "y": -0.052509307861328128,
    "size": {
      "y": 1.999997615814209,
      "x": 2.0000011920928957,
      "z": 9.999996185302735
    }
  },
  "y": {
    "id": "rbxassetid://3255150304",
    "y": -0.22883224487304688,
    "size": {
      "y": 1.9999991655349732,
      "x": 2.0000014305114748,
      "z": 9.999994277954102
    }
  },
  "x": {
    "id": "rbxassetid://3255150381",
    "y": -0.047344207763671878,
    "size": {
      "y": 2,
      "x": 2.0000007152557375,
      "z": 9.999996185302735
    }
  },
  "{": {
    "id": "rbxassetid://3255150155",
    "y": -0.00061798095703125,
    "size": {
      "y": 2.000000238418579,
      "x": 2,
      "z": 9.999993324279786
    }
  },
  "z": {
    "id": "rbxassetid://3255150239",
    "y": -0.048091888427734378,
    "size": {
      "y": 2.000000238418579,
      "x": 1.9999991655349732,
      "z": 9.99999713897705
    }
  },
  "}": {
    "id": "rbxassetid://3255149943",
    "y": -0.00098419189453125,
    "size": {
      "y": 2.000000476837158,
      "x": 1.9999985694885255,
      "z": 9.999993324279786
    }
  },
  "|": {
    "id": "rbxassetid://3255150079",
    "y": 0,
    "size": {
      "y": 1.9999995231628419,
      "x": 1.9999849796295167,
      "z": 9.999993324279786
    }
  },
  "~": {
    "id": "rbxassetid://3255157505",
    "y": 0.002773284912109375,
    "size": {
      "y": 2.0000009536743166,
      "x": 1.9999988079071046,
      "z": 9.999999046325684
    }
  },
  "!": {
    "id": "rbxassetid://3255157140",
    "y": 0.138916015625,
    "size": {
      "y": 1.9999996423721314,
      "x": 1.999998688697815,
      "z": 9.999994277954102
    }
  },